<?xml version="1.0" encoding="UTF-8" ?>
<odoo>
    <data>
        <record model="ir.module.category" id="certificates_licenses_expiry">
            <field name="name">Certificates Licenses Expiry</field>
            <field name="description">Access For Certificates Licenses Expiry Module
            </field>
            <field name="sequence">10</field>
        </record>
        <record id="certificates_licenses_expiry_employee_access" model="res.groups">
            <field name="name">Employee</field>
            <field name="category_id" ref="certificates_licenses_expiry.certificates_licenses_expiry"/>
        </record>
        <record id="certificates_licenses_expiry_manager_access" model="res.groups">
            <field name="name">Manager</field>
            <field name="category_id" ref="certificates_licenses_expiry.certificates_licenses_expiry"/>
            <field name="implied_ids" eval="[(4, ref('certificates_licenses_expiry_employee_access'))]"/>
        </record>
        <record id="base.default_user" model="res.users">
            <field name="groups_id" eval="[(4,ref('certificates_licenses_expiry_manager_access'))]"/>
        </record>

        <!--        Record rule-->

        <record id="certificates_manager" model="ir.rule">
            <field name="name">Certificates Manager</field>
            <field ref="model_certificates" name="model_id"/>
            <field name="domain_force">[(1,'=',1)]</field>
            <field name="groups"
                   eval="[(4, ref('certificates_licenses_expiry.certificates_licenses_expiry_manager_access'))]"/>
            <field name="perm_read" eval="True"/>
            <field name="perm_write" eval="True"/>
            <field name="perm_create" eval="True"/>
            <field name="perm_unlink" eval="True"/>
            <field name="active" eval="True"/>
        </record>
        <record id="certificates_employee" model="ir.rule">
            <field name="name">Certificates Employee</field>
            <field ref="model_certificates" name="model_id"/>
            <field name="domain_force">[('customer_id','=',user.partner_id.id)]</field>
            <field name="groups"
                   eval="[(4, ref('certificates_licenses_expiry.certificates_licenses_expiry_employee_access'))]"/>
            <field name="perm_read" eval="True"/>
            <field name="perm_write" eval="False"/>
            <field name="perm_create" eval="False"/>
            <field name="perm_unlink" eval="False"/>
            <field name="active" eval="True"/>
        </record>


        <record id="licences_manager" model="ir.rule">
            <field name="name">Licences Manager</field>
            <field ref="model_licences" name="model_id"/>
            <field name="domain_force">[(1,'=',1)]</field>
            <field name="groups"
                   eval="[(4, ref('certificates_licenses_expiry.certificates_licenses_expiry_manager_access'))]"/>
            <field name="perm_read" eval="True"/>
            <field name="perm_write" eval="True"/>
            <field name="perm_create" eval="True"/>
            <field name="perm_unlink" eval="True"/>
            <field name="active" eval="True"/>
        </record>
        <record id="licences_employee" model="ir.rule">
            <field name="name">Licences Employee</field>
            <field ref="model_licences" name="model_id"/>
            <field name="domain_force">[('customer_id','=',user.partner_id.id)]</field>
            <field name="groups"
                   eval="[(4, ref('certificates_licenses_expiry.certificates_licenses_expiry_employee_access'))]"/>
            <field name="perm_read" eval="True"/>
            <field name="perm_write" eval="False"/>
            <field name="perm_create" eval="False"/>
            <field name="perm_unlink" eval="False"/>
            <field name="active" eval="True"/>
        </record>
    </data>
</odoo>
