<?xml version="1.0" encoding="utf-8"?>
<odoo>
    <data noupdate="1">
        <record id="sequence_certificate" model="ir.sequence">
            <field name="name">Certificate</field>
            <field name="code">certificates</field>
            <field name="active">TRUE</field>
            <field name="prefix">CER</field>
            <field name="padding">5</field>
            <field name="number_next">1</field>
            <field name="number_increment">1</field>
        </record>
        <record id="sequence_licence" model="ir.sequence">
            <field name="name">Licence</field>
            <field name="code">licences</field>
            <field name="active">TRUE</field>
            <field name="prefix">LIC</field>
            <field name="padding">5</field>
            <field name="number_next">1</field>
            <field name="number_increment">1</field>
        </record>
    </data>
</odoo>